page_row_id,ten_hien_tai,ten_moi_de_xuat,ten_ban_chon
2,SuSi Hair Design,Susi Hair Studio - Thiết Kế,
3,Susi Hair 32 Hoàng Ngọc Phách Đống Đa,Susi Hair Studio - Đống Đa,
4,Susi Hair Studio 32 Hoàng Ngọc Phách Đống Đa chuyên duỗi layer,Susi Hair Studio - Duỗi Layer,
5,Susi Hair Studio 32 Hoàng Ngọc Phách Chuyên Duỗi Tóc,Susi Hair Studio - Chuyên Duỗi,
6,Susi Hair salon 32 Hoàng Ngọc Phách,Susi Hair Studio - Hoàng Ngọc Phách,
7,SUSI Hair & Beauty,Susi Hair Studio - Beauty,
8,Lê Quang Anh Nam Hair,Susi Hair Studio - Nam Lê Quang Anh,
9,Nam Hair Cầu Giấy- chuyên layer,Susi Hair Studio - Nam Chuyên Layer,
10,Chuyên Xoăn Sóng Cầu Giấy,Susi Hair Studio - Chuyên Xoăn Sóng,
11,Tóc Đẹp cầu Giấy,Susi Hair Studio - Tóc Đẹp,
12,Nam Hair Cầu Giấy,Susi Hair Studio - Nam Cầu Giấy 1,
13,SUSI HAIR SALON,Susi Hair Studio - Salon,
14,Nam Hair Cầu Giấy,Susi Hair Studio - Nam Cầu Giấy 2,
15,Hala Nguyen hair salon toà s106,Susi Hair Studio - Hala Nguyen,
16,CK Hair Salons,Susi Hair Studio - CK,
