tiktok_account_id,date,time,video_path
1,2026-08-11,20:38,/var/www/fb-marketing-app/data/tiktok-schedule-videos/059a836b-57a9-4196-9e5b-5be4d68609a6.mp4
1,2026-08-12,20:38,/var/www/fb-marketing-app/data/tiktok-schedule-videos/061225a2-2414-4d5f-98fe-43dfc3733c3f.mp4
1,2026-08-13,20:38,/var/www/fb-marketing-app/data/tiktok-schedule-videos/08eff7dd-2a3e-4295-a48e-b2cabf2db50f.mp4
1,2026-08-14,20:38,/var/www/fb-marketing-app/data/tiktok-schedule-videos/09695f9d-299b-46bb-9dce-73d22136cc66.mp4
1,2026-08-15,20:38,/var/www/fb-marketing-app/data/tiktok-schedule-videos/0b019c33-4ea7-4a2d-8542-ec7416397525.mp4
1,2026-08-16,20:38,/var/www/fb-marketing-app/data/tiktok-schedule-videos/0cede64b-dcd5-4baf-a752-0d2bf8fc94fe.mp4
1,2026-08-17,20:38,/var/www/fb-marketing-app/data/tiktok-schedule-videos/0d8ede30-af8c-472d-a75e-f6ce4f4e5d58.mp4
1,2026-08-18,20:38,/var/www/fb-marketing-app/data/tiktok-schedule-videos/0e06245e-cf4e-4186-b275-fd668b0bf48f.mp4
1,2026-08-19,20:38,/var/www/fb-marketing-app/data/tiktok-schedule-videos/0e3580ab-7c04-4d7c-a2b7-4fe2a67da3e7.mp4
1,2026-08-20,20:38,/var/www/fb-marketing-app/data/tiktok-schedule-videos/0e51c3fd-5c5e-4a90-9b6a-729243781b1f.mp4
1,2026-08-21,20:38,/var/www/fb-marketing-app/data/tiktok-schedule-videos/0f184ffb-ea64-48c7-8623-7db728af89b6.mp4
1,2026-08-22,20:38,/var/www/fb-marketing-app/data/tiktok-schedule-videos/0fd0132e-8bd7-4a4c-986d-561d4b0aa167.mp4
1,2026-08-23,20:38,/var/www/fb-marketing-app/data/tiktok-schedule-videos/101662cf-7c29-4edb-9d8e-cff055ebd53a.mp4
1,2026-08-24,20:38,/var/www/fb-marketing-app/data/tiktok-schedule-videos/11d98889-eda6-44de-ab68-94585ccfcca4.mp4
1,2026-08-25,20:38,/var/www/fb-marketing-app/data/tiktok-schedule-videos/1a1b6ab0-0fef-4e77-a06b-90265e3324d4.mp4
1,2026-08-26,20:38,/var/www/fb-marketing-app/data/tiktok-schedule-videos/1b05365b-bca1-42cb-97c1-a7a8a55ff797.mp4
1,2026-08-27,20:38,/var/www/fb-marketing-app/data/tiktok-schedule-videos/1c1b3339-32cd-4559-8c82-48e487a93a50.mp4
1,2026-08-28,20:38,/var/www/fb-marketing-app/data/tiktok-schedule-videos/1c3621bd-8921-460f-aaca-c1864e49f767.mp4
1,2026-08-29,20:38,/var/www/fb-marketing-app/data/tiktok-schedule-videos/219324ba-b50e-4599-b44c-698904a85aef.mp4
1,2026-08-30,20:38,/var/www/fb-marketing-app/data/tiktok-schedule-videos/23f07ce7-fde4-4807-b4a6-7acc25000d25.mp4
1,2026-08-31,20:38,/var/www/fb-marketing-app/data/tiktok-schedule-videos/28b52ba8-343e-4dd2-864b-579260dae8ba.mp4
1,2026-09-01,20:38,/var/www/fb-marketing-app/data/tiktok-schedule-videos/2f99de90-7567-4c02-b15c-57e2be5c4208.mp4
1,2026-09-02,20:38,/var/www/fb-marketing-app/data/tiktok-schedule-videos/3372ce39-cf06-4cac-935c-92695f3ae3e5.mp4
1,2026-09-03,20:38,/var/www/fb-marketing-app/data/tiktok-schedule-videos/34786084-af22-4f48-8246-7b71cad59ece.mp4
1,2026-09-04,20:38,/var/www/fb-marketing-app/data/tiktok-schedule-videos/37902cd7-918a-4535-b2ac-e34a7bcf0aaf.mp4
1,2026-09-05,20:38,/var/www/fb-marketing-app/data/tiktok-schedule-videos/37ff722a-adcd-45dd-84c5-ca6da4d58e21.mp4
1,2026-09-06,20:38,/var/www/fb-marketing-app/data/tiktok-schedule-videos/386d1d59-549a-431b-ae73-d8d598864717.mp4
1,2026-09-07,20:38,/var/www/fb-marketing-app/data/tiktok-schedule-videos/3b0969ad-8bb9-481c-8c70-a815e9f4bfd2.mp4
1,2026-09-08,20:38,/var/www/fb-marketing-app/data/tiktok-schedule-videos/407f0f0c-ee1b-41a2-aa52-579db06b0e0f.mp4
1,2026-09-09,20:38,/var/www/fb-marketing-app/data/tiktok-schedule-videos/42de709a-6124-4f31-be55-73ef463a66d7.mp4
2,2026-08-11,20:15,/var/www/fb-marketing-app/data/tiktok-schedule-videos/061225a2-2414-4d5f-98fe-43dfc3733c3f.mp4
2,2026-08-12,20:15,/var/www/fb-marketing-app/data/tiktok-schedule-videos/08eff7dd-2a3e-4295-a48e-b2cabf2db50f.mp4
2,2026-08-13,20:15,/var/www/fb-marketing-app/data/tiktok-schedule-videos/09695f9d-299b-46bb-9dce-73d22136cc66.mp4
2,2026-08-14,20:15,/var/www/fb-marketing-app/data/tiktok-schedule-videos/0b019c33-4ea7-4a2d-8542-ec7416397525.mp4
2,2026-08-15,20:15,/var/www/fb-marketing-app/data/tiktok-schedule-videos/0cede64b-dcd5-4baf-a752-0d2bf8fc94fe.mp4
2,2026-08-16,20:15,/var/www/fb-marketing-app/data/tiktok-schedule-videos/0d8ede30-af8c-472d-a75e-f6ce4f4e5d58.mp4
2,2026-08-17,20:15,/var/www/fb-marketing-app/data/tiktok-schedule-videos/0e06245e-cf4e-4186-b275-fd668b0bf48f.mp4
2,2026-08-18,20:15,/var/www/fb-marketing-app/data/tiktok-schedule-videos/0e3580ab-7c04-4d7c-a2b7-4fe2a67da3e7.mp4
2,2026-08-19,20:15,/var/www/fb-marketing-app/data/tiktok-schedule-videos/0e51c3fd-5c5e-4a90-9b6a-729243781b1f.mp4
2,2026-08-20,20:15,/var/www/fb-marketing-app/data/tiktok-schedule-videos/0f184ffb-ea64-48c7-8623-7db728af89b6.mp4
2,2026-08-21,20:15,/var/www/fb-marketing-app/data/tiktok-schedule-videos/0fd0132e-8bd7-4a4c-986d-561d4b0aa167.mp4
2,2026-08-22,20:15,/var/www/fb-marketing-app/data/tiktok-schedule-videos/101662cf-7c29-4edb-9d8e-cff055ebd53a.mp4
2,2026-08-23,20:15,/var/www/fb-marketing-app/data/tiktok-schedule-videos/11d98889-eda6-44de-ab68-94585ccfcca4.mp4
2,2026-08-24,20:15,/var/www/fb-marketing-app/data/tiktok-schedule-videos/1a1b6ab0-0fef-4e77-a06b-90265e3324d4.mp4
2,2026-08-25,20:15,/var/www/fb-marketing-app/data/tiktok-schedule-videos/1b05365b-bca1-42cb-97c1-a7a8a55ff797.mp4
2,2026-08-26,20:15,/var/www/fb-marketing-app/data/tiktok-schedule-videos/1c1b3339-32cd-4559-8c82-48e487a93a50.mp4
2,2026-08-27,20:15,/var/www/fb-marketing-app/data/tiktok-schedule-videos/1c3621bd-8921-460f-aaca-c1864e49f767.mp4
2,2026-08-28,20:15,/var/www/fb-marketing-app/data/tiktok-schedule-videos/219324ba-b50e-4599-b44c-698904a85aef.mp4
2,2026-08-29,20:15,/var/www/fb-marketing-app/data/tiktok-schedule-videos/23f07ce7-fde4-4807-b4a6-7acc25000d25.mp4
2,2026-08-30,20:15,/var/www/fb-marketing-app/data/tiktok-schedule-videos/28b52ba8-343e-4dd2-864b-579260dae8ba.mp4
2,2026-08-31,20:15,/var/www/fb-marketing-app/data/tiktok-schedule-videos/2f99de90-7567-4c02-b15c-57e2be5c4208.mp4
2,2026-09-01,20:15,/var/www/fb-marketing-app/data/tiktok-schedule-videos/3372ce39-cf06-4cac-935c-92695f3ae3e5.mp4
2,2026-09-02,20:15,/var/www/fb-marketing-app/data/tiktok-schedule-videos/34786084-af22-4f48-8246-7b71cad59ece.mp4
2,2026-09-03,20:15,/var/www/fb-marketing-app/data/tiktok-schedule-videos/37902cd7-918a-4535-b2ac-e34a7bcf0aaf.mp4
2,2026-09-04,20:15,/var/www/fb-marketing-app/data/tiktok-schedule-videos/37ff722a-adcd-45dd-84c5-ca6da4d58e21.mp4
2,2026-09-05,20:15,/var/www/fb-marketing-app/data/tiktok-schedule-videos/386d1d59-549a-431b-ae73-d8d598864717.mp4
2,2026-09-06,20:15,/var/www/fb-marketing-app/data/tiktok-schedule-videos/3b0969ad-8bb9-481c-8c70-a815e9f4bfd2.mp4
2,2026-09-07,20:15,/var/www/fb-marketing-app/data/tiktok-schedule-videos/407f0f0c-ee1b-41a2-aa52-579db06b0e0f.mp4
2,2026-09-08,20:15,/var/www/fb-marketing-app/data/tiktok-schedule-videos/42de709a-6124-4f31-be55-73ef463a66d7.mp4
2,2026-09-09,20:15,/var/www/fb-marketing-app/data/tiktok-schedule-videos/43e6bb38-7919-4a89-a028-4d78c1ee431f.mp4
3,2026-08-11,19:52,/var/www/fb-marketing-app/data/tiktok-schedule-videos/08eff7dd-2a3e-4295-a48e-b2cabf2db50f.mp4
3,2026-08-12,19:52,/var/www/fb-marketing-app/data/tiktok-schedule-videos/09695f9d-299b-46bb-9dce-73d22136cc66.mp4
3,2026-08-13,19:52,/var/www/fb-marketing-app/data/tiktok-schedule-videos/0b019c33-4ea7-4a2d-8542-ec7416397525.mp4
3,2026-08-14,19:52,/var/www/fb-marketing-app/data/tiktok-schedule-videos/0cede64b-dcd5-4baf-a752-0d2bf8fc94fe.mp4
3,2026-08-15,19:52,/var/www/fb-marketing-app/data/tiktok-schedule-videos/0d8ede30-af8c-472d-a75e-f6ce4f4e5d58.mp4
3,2026-08-16,19:52,/var/www/fb-marketing-app/data/tiktok-schedule-videos/0e06245e-cf4e-4186-b275-fd668b0bf48f.mp4
3,2026-08-17,19:52,/var/www/fb-marketing-app/data/tiktok-schedule-videos/0e3580ab-7c04-4d7c-a2b7-4fe2a67da3e7.mp4
3,2026-08-18,19:52,/var/www/fb-marketing-app/data/tiktok-schedule-videos/0e51c3fd-5c5e-4a90-9b6a-729243781b1f.mp4
3,2026-08-19,19:52,/var/www/fb-marketing-app/data/tiktok-schedule-videos/0f184ffb-ea64-48c7-8623-7db728af89b6.mp4
3,2026-08-20,19:52,/var/www/fb-marketing-app/data/tiktok-schedule-videos/0fd0132e-8bd7-4a4c-986d-561d4b0aa167.mp4
3,2026-08-21,19:52,/var/www/fb-marketing-app/data/tiktok-schedule-videos/101662cf-7c29-4edb-9d8e-cff055ebd53a.mp4
3,2026-08-22,19:52,/var/www/fb-marketing-app/data/tiktok-schedule-videos/11d98889-eda6-44de-ab68-94585ccfcca4.mp4
3,2026-08-23,19:52,/var/www/fb-marketing-app/data/tiktok-schedule-videos/1a1b6ab0-0fef-4e77-a06b-90265e3324d4.mp4
3,2026-08-24,19:52,/var/www/fb-marketing-app/data/tiktok-schedule-videos/1b05365b-bca1-42cb-97c1-a7a8a55ff797.mp4
3,2026-08-25,19:52,/var/www/fb-marketing-app/data/tiktok-schedule-videos/1c1b3339-32cd-4559-8c82-48e487a93a50.mp4
3,2026-08-26,19:52,/var/www/fb-marketing-app/data/tiktok-schedule-videos/1c3621bd-8921-460f-aaca-c1864e49f767.mp4
3,2026-08-27,19:52,/var/www/fb-marketing-app/data/tiktok-schedule-videos/219324ba-b50e-4599-b44c-698904a85aef.mp4
3,2026-08-28,19:52,/var/www/fb-marketing-app/data/tiktok-schedule-videos/23f07ce7-fde4-4807-b4a6-7acc25000d25.mp4
3,2026-08-29,19:52,/var/www/fb-marketing-app/data/tiktok-schedule-videos/28b52ba8-343e-4dd2-864b-579260dae8ba.mp4
3,2026-08-30,19:52,/var/www/fb-marketing-app/data/tiktok-schedule-videos/2f99de90-7567-4c02-b15c-57e2be5c4208.mp4
3,2026-08-31,19:52,/var/www/fb-marketing-app/data/tiktok-schedule-videos/3372ce39-cf06-4cac-935c-92695f3ae3e5.mp4
3,2026-09-01,19:52,/var/www/fb-marketing-app/data/tiktok-schedule-videos/34786084-af22-4f48-8246-7b71cad59ece.mp4
3,2026-09-02,19:52,/var/www/fb-marketing-app/data/tiktok-schedule-videos/37902cd7-918a-4535-b2ac-e34a7bcf0aaf.mp4
3,2026-09-03,19:52,/var/www/fb-marketing-app/data/tiktok-schedule-videos/37ff722a-adcd-45dd-84c5-ca6da4d58e21.mp4
3,2026-09-04,19:52,/var/www/fb-marketing-app/data/tiktok-schedule-videos/386d1d59-549a-431b-ae73-d8d598864717.mp4
3,2026-09-05,19:52,/var/www/fb-marketing-app/data/tiktok-schedule-videos/3b0969ad-8bb9-481c-8c70-a815e9f4bfd2.mp4
3,2026-09-06,19:52,/var/www/fb-marketing-app/data/tiktok-schedule-videos/407f0f0c-ee1b-41a2-aa52-579db06b0e0f.mp4
3,2026-09-07,19:52,/var/www/fb-marketing-app/data/tiktok-schedule-videos/42de709a-6124-4f31-be55-73ef463a66d7.mp4
3,2026-09-08,19:52,/var/www/fb-marketing-app/data/tiktok-schedule-videos/43e6bb38-7919-4a89-a028-4d78c1ee431f.mp4
3,2026-09-09,19:52,/var/www/fb-marketing-app/data/tiktok-schedule-videos/45a3d743-4144-4334-8e88-22ff3aed372e.mp4
4,2026-08-11,21:00,/var/www/fb-marketing-app/data/tiktok-schedule-videos/09695f9d-299b-46bb-9dce-73d22136cc66.mp4
4,2026-08-12,21:00,/var/www/fb-marketing-app/data/tiktok-schedule-videos/0b019c33-4ea7-4a2d-8542-ec7416397525.mp4
4,2026-08-13,21:00,/var/www/fb-marketing-app/data/tiktok-schedule-videos/0cede64b-dcd5-4baf-a752-0d2bf8fc94fe.mp4
4,2026-08-14,21:00,/var/www/fb-marketing-app/data/tiktok-schedule-videos/0d8ede30-af8c-472d-a75e-f6ce4f4e5d58.mp4
4,2026-08-15,21:00,/var/www/fb-marketing-app/data/tiktok-schedule-videos/0e06245e-cf4e-4186-b275-fd668b0bf48f.mp4
4,2026-08-16,21:00,/var/www/fb-marketing-app/data/tiktok-schedule-videos/0e3580ab-7c04-4d7c-a2b7-4fe2a67da3e7.mp4
4,2026-08-17,21:00,/var/www/fb-marketing-app/data/tiktok-schedule-videos/0e51c3fd-5c5e-4a90-9b6a-729243781b1f.mp4
4,2026-08-18,21:00,/var/www/fb-marketing-app/data/tiktok-schedule-videos/0f184ffb-ea64-48c7-8623-7db728af89b6.mp4
4,2026-08-19,21:00,/var/www/fb-marketing-app/data/tiktok-schedule-videos/0fd0132e-8bd7-4a4c-986d-561d4b0aa167.mp4
4,2026-08-20,21:00,/var/www/fb-marketing-app/data/tiktok-schedule-videos/101662cf-7c29-4edb-9d8e-cff055ebd53a.mp4
4,2026-08-21,21:00,/var/www/fb-marketing-app/data/tiktok-schedule-videos/11d98889-eda6-44de-ab68-94585ccfcca4.mp4
4,2026-08-22,21:00,/var/www/fb-marketing-app/data/tiktok-schedule-videos/1a1b6ab0-0fef-4e77-a06b-90265e3324d4.mp4
4,2026-08-23,21:00,/var/www/fb-marketing-app/data/tiktok-schedule-videos/1b05365b-bca1-42cb-97c1-a7a8a55ff797.mp4
4,2026-08-24,21:00,/var/www/fb-marketing-app/data/tiktok-schedule-videos/1c1b3339-32cd-4559-8c82-48e487a93a50.mp4
4,2026-08-25,21:00,/var/www/fb-marketing-app/data/tiktok-schedule-videos/1c3621bd-8921-460f-aaca-c1864e49f767.mp4
4,2026-08-26,21:00,/var/www/fb-marketing-app/data/tiktok-schedule-videos/219324ba-b50e-4599-b44c-698904a85aef.mp4
4,2026-08-27,21:00,/var/www/fb-marketing-app/data/tiktok-schedule-videos/23f07ce7-fde4-4807-b4a6-7acc25000d25.mp4
4,2026-08-28,21:00,/var/www/fb-marketing-app/data/tiktok-schedule-videos/28b52ba8-343e-4dd2-864b-579260dae8ba.mp4
4,2026-08-29,21:00,/var/www/fb-marketing-app/data/tiktok-schedule-videos/2f99de90-7567-4c02-b15c-57e2be5c4208.mp4
4,2026-08-30,21:00,/var/www/fb-marketing-app/data/tiktok-schedule-videos/3372ce39-cf06-4cac-935c-92695f3ae3e5.mp4
4,2026-08-31,21:00,/var/www/fb-marketing-app/data/tiktok-schedule-videos/34786084-af22-4f48-8246-7b71cad59ece.mp4
4,2026-09-01,21:00,/var/www/fb-marketing-app/data/tiktok-schedule-videos/37902cd7-918a-4535-b2ac-e34a7bcf0aaf.mp4
4,2026-09-02,21:00,/var/www/fb-marketing-app/data/tiktok-schedule-videos/37ff722a-adcd-45dd-84c5-ca6da4d58e21.mp4
4,2026-09-03,21:00,/var/www/fb-marketing-app/data/tiktok-schedule-videos/386d1d59-549a-431b-ae73-d8d598864717.mp4
4,2026-09-04,21:00,/var/www/fb-marketing-app/data/tiktok-schedule-videos/3b0969ad-8bb9-481c-8c70-a815e9f4bfd2.mp4
4,2026-09-05,21:00,/var/www/fb-marketing-app/data/tiktok-schedule-videos/407f0f0c-ee1b-41a2-aa52-579db06b0e0f.mp4
4,2026-09-06,21:00,/var/www/fb-marketing-app/data/tiktok-schedule-videos/42de709a-6124-4f31-be55-73ef463a66d7.mp4
4,2026-09-07,21:00,/var/www/fb-marketing-app/data/tiktok-schedule-videos/43e6bb38-7919-4a89-a028-4d78c1ee431f.mp4
4,2026-09-08,21:00,/var/www/fb-marketing-app/data/tiktok-schedule-videos/45a3d743-4144-4334-8e88-22ff3aed372e.mp4
4,2026-09-09,21:00,/var/www/fb-marketing-app/data/tiktok-schedule-videos/488dbc50-d221-4260-b75e-f6a12d509671.mp4
5,2026-08-11,20:37,/var/www/fb-marketing-app/data/tiktok-schedule-videos/0b019c33-4ea7-4a2d-8542-ec7416397525.mp4
5,2026-08-12,20:37,/var/www/fb-marketing-app/data/tiktok-schedule-videos/0cede64b-dcd5-4baf-a752-0d2bf8fc94fe.mp4
5,2026-08-13,20:37,/var/www/fb-marketing-app/data/tiktok-schedule-videos/0d8ede30-af8c-472d-a75e-f6ce4f4e5d58.mp4
5,2026-08-14,20:37,/var/www/fb-marketing-app/data/tiktok-schedule-videos/0e06245e-cf4e-4186-b275-fd668b0bf48f.mp4
5,2026-08-15,20:37,/var/www/fb-marketing-app/data/tiktok-schedule-videos/0e3580ab-7c04-4d7c-a2b7-4fe2a67da3e7.mp4
5,2026-08-16,20:37,/var/www/fb-marketing-app/data/tiktok-schedule-videos/0e51c3fd-5c5e-4a90-9b6a-729243781b1f.mp4
5,2026-08-17,20:37,/var/www/fb-marketing-app/data/tiktok-schedule-videos/0f184ffb-ea64-48c7-8623-7db728af89b6.mp4
5,2026-08-18,20:37,/var/www/fb-marketing-app/data/tiktok-schedule-videos/0fd0132e-8bd7-4a4c-986d-561d4b0aa167.mp4
5,2026-08-19,20:37,/var/www/fb-marketing-app/data/tiktok-schedule-videos/101662cf-7c29-4edb-9d8e-cff055ebd53a.mp4
5,2026-08-20,20:37,/var/www/fb-marketing-app/data/tiktok-schedule-videos/11d98889-eda6-44de-ab68-94585ccfcca4.mp4
5,2026-08-21,20:37,/var/www/fb-marketing-app/data/tiktok-schedule-videos/1a1b6ab0-0fef-4e77-a06b-90265e3324d4.mp4
5,2026-08-22,20:37,/var/www/fb-marketing-app/data/tiktok-schedule-videos/1b05365b-bca1-42cb-97c1-a7a8a55ff797.mp4
5,2026-08-23,20:37,/var/www/fb-marketing-app/data/tiktok-schedule-videos/1c1b3339-32cd-4559-8c82-48e487a93a50.mp4
5,2026-08-24,20:37,/var/www/fb-marketing-app/data/tiktok-schedule-videos/1c3621bd-8921-460f-aaca-c1864e49f767.mp4
5,2026-08-25,20:37,/var/www/fb-marketing-app/data/tiktok-schedule-videos/219324ba-b50e-4599-b44c-698904a85aef.mp4
5,2026-08-26,20:37,/var/www/fb-marketing-app/data/tiktok-schedule-videos/23f07ce7-fde4-4807-b4a6-7acc25000d25.mp4
5,2026-08-27,20:37,/var/www/fb-marketing-app/data/tiktok-schedule-videos/28b52ba8-343e-4dd2-864b-579260dae8ba.mp4
5,2026-08-28,20:37,/var/www/fb-marketing-app/data/tiktok-schedule-videos/2f99de90-7567-4c02-b15c-57e2be5c4208.mp4
5,2026-08-29,20:37,/var/www/fb-marketing-app/data/tiktok-schedule-videos/3372ce39-cf06-4cac-935c-92695f3ae3e5.mp4
5,2026-08-30,20:37,/var/www/fb-marketing-app/data/tiktok-schedule-videos/34786084-af22-4f48-8246-7b71cad59ece.mp4
5,2026-08-31,20:37,/var/www/fb-marketing-app/data/tiktok-schedule-videos/37902cd7-918a-4535-b2ac-e34a7bcf0aaf.mp4
5,2026-09-01,20:37,/var/www/fb-marketing-app/data/tiktok-schedule-videos/37ff722a-adcd-45dd-84c5-ca6da4d58e21.mp4
5,2026-09-02,20:37,/var/www/fb-marketing-app/data/tiktok-schedule-videos/386d1d59-549a-431b-ae73-d8d598864717.mp4
5,2026-09-03,20:37,/var/www/fb-marketing-app/data/tiktok-schedule-videos/3b0969ad-8bb9-481c-8c70-a815e9f4bfd2.mp4
5,2026-09-04,20:37,/var/www/fb-marketing-app/data/tiktok-schedule-videos/407f0f0c-ee1b-41a2-aa52-579db06b0e0f.mp4
5,2026-09-05,20:37,/var/www/fb-marketing-app/data/tiktok-schedule-videos/42de709a-6124-4f31-be55-73ef463a66d7.mp4
5,2026-09-06,20:37,/var/www/fb-marketing-app/data/tiktok-schedule-videos/43e6bb38-7919-4a89-a028-4d78c1ee431f.mp4
5,2026-09-07,20:37,/var/www/fb-marketing-app/data/tiktok-schedule-videos/45a3d743-4144-4334-8e88-22ff3aed372e.mp4
5,2026-09-08,20:37,/var/www/fb-marketing-app/data/tiktok-schedule-videos/488dbc50-d221-4260-b75e-f6a12d509671.mp4
5,2026-09-09,20:37,/var/www/fb-marketing-app/data/tiktok-schedule-videos/53596149-6150-46dd-8354-5575a898e89a.mp4
6,2026-08-11,20:14,/var/www/fb-marketing-app/data/tiktok-schedule-videos/0cede64b-dcd5-4baf-a752-0d2bf8fc94fe.mp4
6,2026-08-12,20:14,/var/www/fb-marketing-app/data/tiktok-schedule-videos/0d8ede30-af8c-472d-a75e-f6ce4f4e5d58.mp4
6,2026-08-13,20:14,/var/www/fb-marketing-app/data/tiktok-schedule-videos/0e06245e-cf4e-4186-b275-fd668b0bf48f.mp4
6,2026-08-14,20:14,/var/www/fb-marketing-app/data/tiktok-schedule-videos/0e3580ab-7c04-4d7c-a2b7-4fe2a67da3e7.mp4
6,2026-08-15,20:14,/var/www/fb-marketing-app/data/tiktok-schedule-videos/0e51c3fd-5c5e-4a90-9b6a-729243781b1f.mp4
6,2026-08-16,20:14,/var/www/fb-marketing-app/data/tiktok-schedule-videos/0f184ffb-ea64-48c7-8623-7db728af89b6.mp4
6,2026-08-17,20:14,/var/www/fb-marketing-app/data/tiktok-schedule-videos/0fd0132e-8bd7-4a4c-986d-561d4b0aa167.mp4
6,2026-08-18,20:14,/var/www/fb-marketing-app/data/tiktok-schedule-videos/101662cf-7c29-4edb-9d8e-cff055ebd53a.mp4
6,2026-08-19,20:14,/var/www/fb-marketing-app/data/tiktok-schedule-videos/11d98889-eda6-44de-ab68-94585ccfcca4.mp4
6,2026-08-20,20:14,/var/www/fb-marketing-app/data/tiktok-schedule-videos/1a1b6ab0-0fef-4e77-a06b-90265e3324d4.mp4
6,2026-08-21,20:14,/var/www/fb-marketing-app/data/tiktok-schedule-videos/1b05365b-bca1-42cb-97c1-a7a8a55ff797.mp4
6,2026-08-22,20:14,/var/www/fb-marketing-app/data/tiktok-schedule-videos/1c1b3339-32cd-4559-8c82-48e487a93a50.mp4
6,2026-08-23,20:14,/var/www/fb-marketing-app/data/tiktok-schedule-videos/1c3621bd-8921-460f-aaca-c1864e49f767.mp4
6,2026-08-24,20:14,/var/www/fb-marketing-app/data/tiktok-schedule-videos/219324ba-b50e-4599-b44c-698904a85aef.mp4
6,2026-08-25,20:14,/var/www/fb-marketing-app/data/tiktok-schedule-videos/23f07ce7-fde4-4807-b4a6-7acc25000d25.mp4
6,2026-08-26,20:14,/var/www/fb-marketing-app/data/tiktok-schedule-videos/28b52ba8-343e-4dd2-864b-579260dae8ba.mp4
6,2026-08-27,20:14,/var/www/fb-marketing-app/data/tiktok-schedule-videos/2f99de90-7567-4c02-b15c-57e2be5c4208.mp4
6,2026-08-28,20:14,/var/www/fb-marketing-app/data/tiktok-schedule-videos/3372ce39-cf06-4cac-935c-92695f3ae3e5.mp4
6,2026-08-29,20:14,/var/www/fb-marketing-app/data/tiktok-schedule-videos/34786084-af22-4f48-8246-7b71cad59ece.mp4
6,2026-08-30,20:14,/var/www/fb-marketing-app/data/tiktok-schedule-videos/37902cd7-918a-4535-b2ac-e34a7bcf0aaf.mp4
6,2026-08-31,20:14,/var/www/fb-marketing-app/data/tiktok-schedule-videos/37ff722a-adcd-45dd-84c5-ca6da4d58e21.mp4
6,2026-09-01,20:14,/var/www/fb-marketing-app/data/tiktok-schedule-videos/386d1d59-549a-431b-ae73-d8d598864717.mp4
6,2026-09-02,20:14,/var/www/fb-marketing-app/data/tiktok-schedule-videos/3b0969ad-8bb9-481c-8c70-a815e9f4bfd2.mp4
6,2026-09-03,20:14,/var/www/fb-marketing-app/data/tiktok-schedule-videos/407f0f0c-ee1b-41a2-aa52-579db06b0e0f.mp4
6,2026-09-04,20:14,/var/www/fb-marketing-app/data/tiktok-schedule-videos/42de709a-6124-4f31-be55-73ef463a66d7.mp4
6,2026-09-05,20:14,/var/www/fb-marketing-app/data/tiktok-schedule-videos/43e6bb38-7919-4a89-a028-4d78c1ee431f.mp4
6,2026-09-06,20:14,/var/www/fb-marketing-app/data/tiktok-schedule-videos/45a3d743-4144-4334-8e88-22ff3aed372e.mp4
6,2026-09-07,20:14,/var/www/fb-marketing-app/data/tiktok-schedule-videos/488dbc50-d221-4260-b75e-f6a12d509671.mp4
6,2026-09-08,20:14,/var/www/fb-marketing-app/data/tiktok-schedule-videos/53596149-6150-46dd-8354-5575a898e89a.mp4
6,2026-09-09,20:14,/var/www/fb-marketing-app/data/tiktok-schedule-videos/62b76845-cbde-459c-b673-f53a9d3850d0.mp4